date,region,daily_cost,account_id,service,day_of_week,rolling_mean_7d,deviation,anomaly_score,anomaly_flag
2025-01-01,eu-north-1,0.31,732778637529,CloudWatch,2,0.31,0.0,0.07319915661984394,1
2025-01-02,eu-north-1,0.29,732778637529,CloudWatch,3,0.31,-0.020000000000000018,0.012619960917545747,1
2025-01-03,eu-north-1,0.29,732778637529,CloudWatch,4,0.3,-0.010000000000000009,0.003513070367207771,1
2025-01-04,eu-north-1,0.21,732778637529,CloudWatch,5,0.29,-0.07999999999999999,0.007278080135351694,1
2025-01-05,eu-north-1,0.22,732778637529,CloudWatch,6,0.29,-0.06999999999999998,-0.018096196880258653,1
2025-01-06,eu-north-1,0.3,732778637529,CloudWatch,0,0.29,0.010000000000000009,-0.01494020276763508,1
2025-01-07,eu-north-1,0.31,732778637529,CloudWatch,1,0.29,0.020000000000000018,0.04290030113823079,1
2025-01-08,eu-north-1,0.28,732778637529,CloudWatch,2,0.29,-0.009999999999999953,0.005280888871096678,1
2025-01-09,eu-north-1,0.29,732778637529,CloudWatch,3,0.29,0.0,0.06420272883943628,1
2025-01-10,eu-north-1,0.29,732778637529,CloudWatch,4,0.29,0.0,0.03103259462631669,1
2025-01-11,eu-north-1,0.23,732778637529,CloudWatch,5,0.29,-0.05999999999999997,-0.04967326014525619,1
2025-01-12,eu-north-1,0.2,732778637529,CloudWatch,6,0.29,-0.08999999999999997,-0.07611133208773457,1
2025-01-13,eu-north-1,0.33,732778637529,CloudWatch,0,0.29,0.040000000000000036,-0.07825546847642717,1
2025-01-14,eu-north-1,0.31,732778637529,CloudWatch,1,0.29,0.020000000000000018,0.04290030113823079,1
2025-01-15,eu-north-1,0.29,732778637529,CloudWatch,2,0.29,0.0,0.05878096790188497,1
2025-01-16,eu-north-1,0.29,732778637529,CloudWatch,3,0.29,0.0,0.06420272883943628,1
2025-01-17,eu-north-1,0.28,732778637529,CloudWatch,4,0.29,-0.009999999999999953,-0.002331693198820317,1
2025-01-18,eu-north-1,0.2,732778637529,CloudWatch,5,0.29,-0.08999999999999997,-0.056130538032485355,1
2025-01-19,eu-north-1,0.22,732778637529,CloudWatch,6,0.29,-0.06999999999999998,-0.018096196880258653,1
2025-01-20,eu-north-1,0.32,732778637529,CloudWatch,0,0.29,0.030000000000000027,-0.030262986669422398,1
2025-01-21,eu-north-1,0.29,732778637529,CloudWatch,1,0.29,0.0,0.032890815665185535,1
2025-01-22,eu-north-1,0.3,732778637529,CloudWatch,2,0.29,0.010000000000000009,0.04971957484030615,1
2025-01-23,eu-north-1,0.29,732778637529,CloudWatch,3,0.29,0.0,0.06420272883943628,1
2025-01-24,eu-north-1,0.3,732778637529,CloudWatch,4,0.29,0.010000000000000009,0.010474609128610202,1
2025-01-25,eu-north-1,0.21,732778637529,CloudWatch,5,0.29,-0.07999999999999999,0.007278080135351694,1
2025-01-26,eu-north-1,0.21,732778637529,CloudWatch,6,0.29,-0.07999999999999999,-0.0232077438359114,1
2025-01-27,eu-north-1,0.29,732778637529,CloudWatch,0,0.29,0.0,-0.022412454470516652,1
2025-01-28,eu-north-1,0.3,732778637529,CloudWatch,1,0.29,0.010000000000000009,0.04057049287820902,1
2025-01-29,eu-north-1,0.31,732778637529,CloudWatch,2,0.29,0.020000000000000018,0.03833463168583212,1
2025-01-30,eu-north-1,0.31,732778637529,CloudWatch,3,0.29,0.020000000000000018,0.02199341932249904,1
2025-01-31,eu-north-1,0.31,732778637529,CloudWatch,4,0.3,0.010000000000000009,0.009909831802685842,1
2025-02-01,eu-north-1,0.22,732778637529,CloudWatch,5,0.3,-0.07999999999999999,-0.005697840388184439,1
2025-02-02,eu-north-1,0.22,732778637529,CloudWatch,6,0.3,-0.07999999999999999,-0.014044829706267414,1
2025-02-03,eu-north-1,0.33,732778637529,CloudWatch,0,0.3,0.030000000000000027,-0.03587938433394422,1
2025-02-04,eu-north-1,0.31,732778637529,CloudWatch,1,0.31,0.0,0.06390382975808079,1
2025-02-05,eu-north-1,0.34,732778637529,CloudWatch,2,0.31,0.030000000000000027,0.06044457696907979,1
2025-02-06,eu-north-1,0.34,732778637529,CloudWatch,3,0.31,0.030000000000000027,0.043315777136879285,1
2025-02-07,eu-north-1,0.32,732778637529,CloudWatch,4,0.31,0.010000000000000009,0.06522709216307376,1
2025-02-08,eu-north-1,0.23,732778637529,CloudWatch,5,0.32,-0.09,0.034715388673977665,1
2025-02-09,eu-north-1,0.23,732778637529,CloudWatch,6,0.32,-0.09,0.02963200634871277,1
2025-02-10,eu-north-1,0.31,732778637529,CloudWatch,0,0.32,-0.010000000000000009,-0.01143918591150117,1
2025-02-11,eu-north-1,0.31,732778637529,CloudWatch,1,0.31,0.0,0.06390382975808079,1
2025-02-12,eu-north-1,0.3,732778637529,CloudWatch,2,0.31,-0.010000000000000009,0.05365485295035932,1
2025-02-13,eu-north-1,0.32,732778637529,CloudWatch,3,0.31,0.010000000000000009,0.06834882758461314,1
2025-02-14,eu-north-1,0.33,732778637529,CloudWatch,4,0.31,0.020000000000000018,0.0461514621111917,1
2025-02-15,eu-north-1,0.21,732778637529,CloudWatch,5,0.31,-0.1,-0.02209139905045987,1
2025-02-16,eu-north-1,0.23,732778637529,CloudWatch,6,0.31,-0.07999999999999999,0.015945952661137353,1
2025-02-17,eu-north-1,0.34,732778637529,CloudWatch,0,0.31,0.030000000000000027,0.03837184666855625,1
2025-02-18,eu-north-1,0.33,732778637529,CloudWatch,1,0.31,0.020000000000000018,0.05858788249811686,1
2025-02-19,eu-north-1,0.3,732778637529,CloudWatch,2,0.32,-0.020000000000000018,0.023999770324612146,1
2025-02-20,eu-north-1,0.31,732778637529,CloudWatch,3,0.32,-0.010000000000000009,0.05061894104401293,1
2025-02-21,eu-north-1,0.35,732778637529,CloudWatch,4,0.31,0.03999999999999998,-0.019891941757011034,1
2025-02-22,eu-north-1,0.23,732778637529,CloudWatch,5,0.31,-0.07999999999999999,0.033881528795437155,1
2025-02-23,eu-north-1,0.24,732778637529,CloudWatch,6,0.31,-0.07,-0.027334625883485564,1
2025-02-24,eu-north-1,0.34,732778637529,CloudWatch,0,0.31,0.030000000000000027,0.03837184666855625,1
2025-02-25,eu-north-1,0.35,732778637529,CloudWatch,1,0.31,0.03999999999999998,-0.020667133139137484,1
2025-02-26,eu-north-1,0.34,732778637529,CloudWatch,2,0.31,0.030000000000000027,0.06044457696907979,1
2025-02-27,eu-north-1,0.35,732778637529,CloudWatch,3,0.34,0.009999999999999953,0.0031940549121657336,1
2025-02-28,eu-north-1,0.35,732778637529,CloudWatch,4,0.34,0.009999999999999953,0.00020456114188455166,1
2025-03-01,eu-north-1,0.22,732778637529,CloudWatch,5,0.34,-0.12000000000000002,-0.08691996209260155,1
2025-03-02,eu-north-1,0.23,732778637529,CloudWatch,6,0.34,-0.11000000000000001,-0.0731116504301087,1
2025-03-03,eu-north-1,0.33,732778637529,CloudWatch,0,0.34,-0.010000000000000009,-0.05148744265184935,1
2025-03-04,eu-north-1,0.34,732778637529,CloudWatch,1,0.34,0.0,-0.013550875996872658,1
2025-03-05,eu-north-1,0.32,732778637529,CloudWatch,2,0.34,-0.020000000000000018,0.010917817863322077,1
2025-03-06,eu-north-1,0.36,732778637529,CloudWatch,3,0.33,0.02999999999999997,-0.028247047870241015,1
2025-03-07,eu-north-1,0.31,732778637529,CloudWatch,4,0.33,-0.020000000000000018,-0.00681238686124519,1
2025-03-08,eu-north-1,0.23,732778637529,CloudWatch,5,0.32,-0.09,0.034715388673977665,1
2025-03-09,eu-north-1,0.22,732778637529,CloudWatch,6,0.32,-0.1,-0.015715709722102567,1
2025-03-10,eu-north-1,0.34,732778637529,CloudWatch,0,0.32,0.020000000000000018,0.042129389612481416,1
2025-03-11,eu-north-1,0.35,732778637529,CloudWatch,1,0.32,0.02999999999999997,0.023038518477915992,1
2025-03-12,eu-north-1,0.34,732778637529,CloudWatch,2,0.32,0.020000000000000018,0.06202122259191767,1
2025-03-13,eu-north-1,0.31,732778637529,CloudWatch,3,0.34,-0.030000000000000027,-0.03231521817984162,1
2025-03-14,eu-north-1,0.32,732778637529,CloudWatch,4,0.31,0.010000000000000009,0.06522709216307376,1
2025-03-15,eu-north-1,0.24,732778637529,CloudWatch,5,0.32,-0.08000000000000002,0.018080823336468155,1
2025-03-16,eu-north-1,0.25,732778637529,CloudWatch,6,0.32,-0.07,-0.04945141955557375,1
2025-03-17,eu-north-1,0.32,732778637529,CloudWatch,0,0.32,0.0,0.009525665028712438,1
2025-03-18,eu-north-1,0.32,732778637529,CloudWatch,1,0.32,0.0,0.056307105760205145,1
2025-03-19,eu-north-1,0.32,732778637529,CloudWatch,2,0.32,0.0,0.065279574962259,1
2025-03-20,eu-north-1,0.33,732778637529,CloudWatch,3,0.32,0.010000000000000009,0.055003477505757015,1
2025-03-21,eu-north-1,0.36,732778637529,CloudWatch,4,0.32,0.03999999999999998,-0.03386891694677274,1
2025-03-22,eu-north-1,1.26,732778637529,CloudWatch,5,0.32,0.94,-0.31002254944383123,-1
2025-03-23,eu-north-1,0.23,732778637529,CloudWatch,6,0.32,-0.09,0.02963200634871277,1
2025-03-24,eu-north-1,0.34,732778637529,CloudWatch,0,0.32,0.020000000000000018,0.042129389612481416,1
2025-03-25,eu-north-1,0.34,732778637529,CloudWatch,1,0.33,0.010000000000000009,-0.0026083523294070377,1
2025-03-26,eu-north-1,0.32,732778637529,CloudWatch,2,0.34,-0.020000000000000018,0.010917817863322077,1
2025-03-27,eu-north-1,0.36,732778637529,CloudWatch,3,0.34,0.019999999999999962,-0.016814334243356988,1
2025-03-28,eu-north-1,0.37,732778637529,CloudWatch,4,0.34,0.02999999999999997,-0.04949257817094799,1
2025-03-29,eu-north-1,0.26,732778637529,CloudWatch,5,0.34,-0.08000000000000002,-0.05194973775090894,1
2025-03-30,eu-north-1,0.24,732778637529,CloudWatch,6,0.34,-0.10000000000000003,-0.06426636302653221,1
2025-03-31,eu-north-1,0.36,732778637529,CloudWatch,0,0.34,0.019999999999999962,-0.07638289082722749,1
2025-01-01,eu-north-1,1.03,732778637529,DataTransfer,2,1.03,0.0,0.07560634665300497,1
2025-01-02,eu-north-1,1.0,732778637529,DataTransfer,3,1.03,-0.030000000000000027,0.06675621540037119,1
2025-01-03,eu-north-1,1.02,732778637529,DataTransfer,4,1.0150000000000001,0.004999999999999893,0.07022294148201091,1
2025-01-04,eu-north-1,0.66,732778637529,DataTransfer,5,1.02,-0.36,-0.02649905521167717,1
2025-01-05,eu-north-1,0.72,732778637529,DataTransfer,6,1.01,-0.29000000000000004,0.03382395864153692,1
2025-01-06,eu-north-1,1.02,732778637529,DataTransfer,0,1.0,0.020000000000000018,0.03593982185995892,1
2025-01-07,eu-north-1,0.94,732778637529,DataTransfer,1,1.01,-0.07000000000000006,0.01233854928955197,1
2025-01-08,eu-north-1,0.98,732778637529,DataTransfer,2,1.0,-0.020000000000000018,0.06481215117759875,1
2025-01-09,eu-north-1,1.08,732778637529,DataTransfer,3,0.98,0.10000000000000009,0.03849130969589498,1
2025-01-10,eu-north-1,1.0,732778637529,DataTransfer,4,0.98,0.020000000000000018,0.02837188981493649,1
2025-01-11,eu-north-1,0.74,732778637529,DataTransfer,5,0.98,-0.24,-0.010996493680010544,1
2025-01-12,eu-north-1,0.76,732778637529,DataTransfer,6,0.98,-0.21999999999999997,-0.04385333188322105,1
2025-01-13,eu-north-1,1.01,732778637529,DataTransfer,0,0.98,0.030000000000000027,0.0006727180150895573,1
2025-01-14,eu-north-1,1.09,732778637529,DataTransfer,1,0.98,0.1100000000000001,0.026487897673445893,1
2025-01-15,eu-north-1,0.95,732778637529,DataTransfer,2,1.0,-0.050000000000000044,0.031422756044206135,1
2025-01-16,eu-north-1,1.01,732778637529,DataTransfer,3,1.0,0.010000000000000009,0.06623124335783398,1
2025-01-17,eu-north-1,1.06,732778637529,DataTransfer,4,1.0,0.06000000000000005,0.04113524684361647,1
2025-01-18,eu-north-1,0.71,732778637529,DataTransfer,5,1.01,-0.30000000000000004,0.05262046465629666,1
2025-01-19,eu-north-1,0.68,732778637529,DataTransfer,6,1.01,-0.32999999999999996,-0.01492799404578471,1
2025-01-20,eu-north-1,0.97,732778637529,DataTransfer,0,1.01,-0.040000000000000036,0.007334158685502412,1
2025-01-21,eu-north-1,1.0,732778637529,DataTransfer,1,0.97,0.030000000000000027,0.009868153770283494,1
2025-01-22,eu-north-1,0.96,732778637529,DataTransfer,2,0.97,-0.010000000000000009,-0.00460678656113378,1
2025-01-23,eu-north-1,1.08,732778637529,DataTransfer,3,0.97,0.1100000000000001,0.01906443546207731,1
2025-01-24,eu-north-1,1.1,732778637529,DataTransfer,4,0.97,0.13000000000000012,-0.03150394688347791,1
2025-01-25,eu-north-1,0.71,732778637529,DataTransfer,5,0.97,-0.26,-0.02261241378769374,1
2025-01-26,eu-north-1,0.7,732778637529,DataTransfer,6,0.97,-0.27,-0.051792759849924264,1
2025-01-27,eu-north-1,1.07,732778637529,DataTransfer,0,0.97,0.10000000000000009,-0.03109033900114011,1
2025-01-28,eu-north-1,1.07,732778637529,DataTransfer,1,1.0,0.07000000000000006,0.06544877370544877,1
2025-01-29,eu-north-1,1.09,732778637529,DataTransfer,2,1.07,0.020000000000000018,0.08650111688565804,1
2025-01-30,eu-north-1,1.04,732778637529,DataTransfer,3,1.07,-0.030000000000000027,0.08475000173596003,1
2025-01-31,eu-north-1,1.02,732778637529,DataTransfer,4,1.07,-0.050000000000000044,0.06107833206638247,1
2025-02-01,eu-north-1,0.71,732778637529,DataTransfer,5,1.04,-0.33000000000000007,0.02741254078246058,1
2025-02-02,eu-north-1,0.68,732778637529,DataTransfer,6,1.04,-0.36,-0.03413024903801498,1
2025-02-03,eu-north-1,1.0,732778637529,DataTransfer,0,1.04,-0.040000000000000036,0.014292579524146365,1
2025-02-04,eu-north-1,1.14,732778637529,DataTransfer,1,1.02,0.11999999999999988,0.039723364358901225,1
2025-02-05,eu-north-1,1.14,732778637529,DataTransfer,2,1.02,0.11999999999999988,0.05709816637730042,1
2025-02-06,eu-north-1,1.07,732778637529,DataTransfer,3,1.02,0.050000000000000044,0.07547841936160238,1
2025-02-07,eu-north-1,1.12,732778637529,DataTransfer,4,1.02,0.10000000000000009,0.03317080915920684,1
2025-02-08,eu-north-1,0.77,732778637529,DataTransfer,5,1.07,-0.30000000000000004,0.03482282540573023,1
2025-02-09,eu-north-1,0.76,732778637529,DataTransfer,6,1.07,-0.31000000000000005,0.020988232768870352,1
2025-02-10,eu-north-1,1.1,732778637529,DataTransfer,0,1.07,0.030000000000000027,0.043840497686555235,1
2025-02-11,eu-north-1,1.11,732778637529,DataTransfer,1,1.1,0.010000000000000009,0.022553878876386435,1
2025-02-12,eu-north-1,1.02,732778637529,DataTransfer,2,1.1,-0.08000000000000007,0.00913770647789569,1
2025-02-13,eu-north-1,1.01,732778637529,DataTransfer,3,1.07,-0.06000000000000005,0.07126320299990058,1
2025-02-14,eu-north-1,0.99,732778637529,DataTransfer,4,1.02,-0.030000000000000027,0.054057181285225464,1
2025-02-15,eu-north-1,0.71,732778637529,DataTransfer,5,1.01,-0.30000000000000004,0.05262046465629666,1
2025-02-16,eu-north-1,0.72,732778637529,DataTransfer,6,1.01,-0.29000000000000004,0.03382395864153692,1
2025-02-17,eu-north-1,1.01,732778637529,DataTransfer,0,1.01,0.0,0.04205618548826984,1
2025-02-18,eu-north-1,1.04,732778637529,DataTransfer,1,1.01,0.030000000000000027,0.07978652078461124,1
2025-02-19,eu-north-1,1.15,732778637529,DataTransfer,2,1.01,0.1399999999999999,0.013422586298494465,1
2025-02-20,eu-north-1,5.1,732778637529,DataTransfer,3,1.01,4.09,-0.3154471430390894,-1
2025-02-21,eu-north-1,1.04,732778637529,DataTransfer,4,1.01,0.030000000000000027,0.07234530936517447,1
2025-02-22,eu-north-1,0.78,732778637529,DataTransfer,5,1.04,-0.26,0.02759504290542475,1
2025-02-23,eu-north-1,0.81,732778637529,DataTransfer,6,1.04,-0.22999999999999998,-0.020118395057312055,1
2025-02-24,eu-north-1,1.15,732778637529,DataTransfer,0,1.04,0.10999999999999988,-0.005391687589474614,1
2025-02-25,eu-north-1,1.16,732778637529,DataTransfer,1,1.04,0.11999999999999988,0.009842191506039544,1
2025-02-26,eu-north-1,1.05,732778637529,DataTransfer,2,1.15,-0.09999999999999987,-0.10457638117189272,-1
2025-02-27,eu-north-1,1.06,732778637529,DataTransfer,3,1.05,0.010000000000000009,0.07991722450439553,1
2025-02-28,eu-north-1,1.03,732778637529,DataTransfer,4,1.05,-0.020000000000000018,0.06554860221354164,1
2025-03-01,eu-north-1,0.76,732778637529,DataTransfer,5,1.05,-0.29000000000000004,0.04438709318934747,1
2025-03-02,eu-north-1,0.78,732778637529,DataTransfer,6,1.05,-0.27,0.025363913013908612,1
2025-03-03,eu-north-1,1.14,732778637529,DataTransfer,0,1.05,0.08999999999999986,0.002267447279735657,1
2025-03-04,eu-north-1,1.07,732778637529,DataTransfer,1,1.05,0.020000000000000018,0.07943075932973803,1
2025-03-05,eu-north-1,1.09,732778637529,DataTransfer,2,1.05,0.040000000000000036,0.07475797341756868,1
2025-03-06,eu-north-1,1.14,732778637529,DataTransfer,3,1.06,0.07999999999999985,0.046751186746277096,1
2025-03-07,eu-north-1,1.07,732778637529,DataTransfer,4,1.07,0.0,0.07593935757333375,1
2025-03-08,eu-north-1,0.74,732778637529,DataTransfer,5,1.07,-0.33000000000000007,0.013739632945801161,1
2025-03-09,eu-north-1,0.78,732778637529,DataTransfer,6,1.07,-0.29000000000000004,0.03344359884718762,1
2025-03-10,eu-north-1,1.07,732778637529,DataTransfer,0,1.07,0.0,0.05047923358423223,1
2025-03-11,eu-north-1,1.04,732778637529,DataTransfer,1,1.07,-0.030000000000000027,0.05774902832852297,1
2025-03-12,eu-north-1,1.07,732778637529,DataTransfer,2,1.07,0.0,0.09010328315985339,1
2025-03-13,eu-north-1,1.11,732778637529,DataTransfer,3,1.07,0.040000000000000036,0.07954843647771676,1
2025-03-14,eu-north-1,1.18,732778637529,DataTransfer,4,1.07,0.10999999999999988,-0.0024691386413107086,1
2025-03-15,eu-north-1,0.84,732778637529,DataTransfer,5,1.07,-0.2300000000000001,-0.003929276116182878,1
2025-03-16,eu-north-1,0.79,732778637529,DataTransfer,6,1.07,-0.28,0.020913195852217792,1
2025-03-17,eu-north-1,1.15,732778637529,DataTransfer,0,1.07,0.07999999999999985,0.007611518690539998,1
2025-03-18,eu-north-1,1.09,732778637529,DataTransfer,1,1.07,0.020000000000000018,0.07480121973098969,1
2025-03-19,eu-north-1,1.16,732778637529,DataTransfer,2,1.09,0.06999999999999984,0.013585811930929947,1
2025-03-20,eu-north-1,1.08,732778637529,DataTransfer,3,1.11,-0.030000000000000027,0.013775310173330335,1
2025-03-21,eu-north-1,1.18,732778637529,DataTransfer,4,1.09,0.08999999999999986,-0.015622072263167475,1
2025-03-22,eu-north-1,0.85,732778637529,DataTransfer,5,1.09,-0.2400000000000001,-0.03180094875724315,1
2025-03-23,eu-north-1,0.76,732778637529,DataTransfer,6,1.09,-0.33000000000000007,-0.019462847744733947,1
2025-03-24,eu-north-1,1.08,732778637529,DataTransfer,0,1.09,-0.010000000000000009,0.02457009281569683,1
2025-03-25,eu-north-1,1.15,732778637529,DataTransfer,1,1.08,0.06999999999999984,0.023062814787126684,1
2025-03-26,eu-north-1,1.12,732778637529,DataTransfer,2,1.08,0.040000000000000036,0.0686866384942984,1
2025-03-27,eu-north-1,1.2,732778637529,DataTransfer,3,1.08,0.11999999999999988,-0.009039485562515659,1
2025-03-28,eu-north-1,1.12,732778637529,DataTransfer,4,1.12,0.0,-0.028083952013138846,1
2025-03-29,eu-north-1,0.76,732778637529,DataTransfer,5,1.12,-0.3600000000000001,-0.05628026899348659,1
2025-03-30,eu-north-1,0.77,732778637529,DataTransfer,6,1.12,-0.3500000000000001,-0.07009815060188862,1
2025-03-31,eu-north-1,1.08,732778637529,DataTransfer,0,1.12,-0.040000000000000036,-0.042766611925224796,1
2025-01-01,eu-north-1,5.11,732778637529,EC2,2,5.11,0.0,0.09966093827281358,1
2025-01-02,eu-north-1,5.32,732778637529,EC2,3,5.11,0.20999999999999996,0.09374571689950706,1
2025-01-03,eu-north-1,4.64,732778637529,EC2,4,5.215,-0.5750000000000002,0.01197570882986232,1
2025-01-04,eu-north-1,3.69,732778637529,EC2,5,5.11,-1.4200000000000004,0.05307970390428374,1
2025-01-05,eu-north-1,3.78,732778637529,EC2,6,4.875,-1.0950000000000002,-0.05758318748434699,1
2025-01-06,eu-north-1,5.29,732778637529,EC2,0,4.64,0.6500000000000004,-0.13301583292754748,-1
2025-01-07,eu-north-1,5.32,732778637529,EC2,1,4.875,0.4450000000000003,0.023647294383987716,1
2025-01-08,eu-north-1,4.84,732778637529,EC2,2,5.11,-0.27000000000000046,0.0637266266015808,1
2025-01-09,eu-north-1,5.18,732778637529,EC2,3,4.84,0.33999999999999986,0.01620667111580415,1
2025-01-10,eu-north-1,5.2,732778637529,EC2,4,4.84,0.3600000000000003,-0.012307483253673368,1
2025-01-11,eu-north-1,3.84,732778637529,EC2,5,5.18,-1.3399999999999999,0.061823294727953615,1
2025-01-12,eu-north-1,3.41,732778637529,EC2,6,5.18,-1.7699999999999996,-0.014395781077940595,1
2025-01-13,eu-north-1,5.41,732778637529,EC2,0,5.18,0.23000000000000043,0.06554052729489163,1
2025-01-14,eu-north-1,4.92,732778637529,EC2,1,5.18,-0.2599999999999998,0.05182511896057923,1
2025-01-15,eu-north-1,5.04,732778637529,EC2,2,4.92,0.1200000000000001,0.040234457147880986,1
2025-01-16,eu-north-1,19.22,732778637529,EC2,3,5.04,14.18,-0.3004321187243123,-1
2025-01-17,eu-north-1,5.54,732778637529,EC2,4,5.04,0.5,0.055047100113137015,1
2025-01-18,eu-north-1,3.71,732778637529,EC2,5,5.04,-1.33,0.03886101175750295,1
2025-01-19,eu-north-1,3.58,732778637529,EC2,6,5.04,-1.46,0.02055288314123671,1
2025-01-20,eu-north-1,5.5,732778637529,EC2,0,5.04,0.45999999999999996,0.05256845421603251,1
2025-01-21,eu-north-1,5.39,732778637529,EC2,1,5.04,0.34999999999999964,0.07720938777710445,1
2025-01-22,eu-north-1,4.78,732778637529,EC2,2,5.39,-0.6099999999999994,0.03944579887646338,1
2025-01-23,eu-north-1,5.5,732778637529,EC2,3,5.39,0.11000000000000032,0.08870199867733691,1
2025-01-24,eu-north-1,5.41,732778637529,EC2,4,5.39,0.020000000000000462,0.0740247613443914,1
2025-01-25,eu-north-1,3.6,732778637529,EC2,5,5.39,-1.7899999999999996,0.02965838788620828,1
2025-01-26,eu-north-1,3.94,732778637529,EC2,6,5.39,-1.4499999999999997,0.04124303132354196,1
2025-01-27,eu-north-1,5.08,732778637529,EC2,0,5.39,-0.3099999999999996,0.026493772518442926,1
2025-01-28,eu-north-1,5.0,732778637529,EC2,1,5.08,-0.08000000000000007,0.06758647911427057,1
2025-01-29,eu-north-1,5.0,732778637529,EC2,2,5.0,0.0,0.058847430392879485,1
2025-01-30,eu-north-1,5.5,732778637529,EC2,3,5.0,0.5,0.04841314502902189,1
2025-01-31,eu-north-1,5.45,732778637529,EC2,4,5.0,0.4500000000000002,0.04520687592695871,1
2025-02-01,eu-north-1,3.9,732778637529,EC2,5,5.0,-1.1,0.020011530617074558,1
2025-02-02,eu-north-1,3.54,732778637529,EC2,6,5.0,-1.46,-0.006428727088694797,1
2025-02-03,eu-north-1,5.7,732778637529,EC2,0,5.0,0.7000000000000002,-0.011322669844901156,1
2025-02-04,eu-north-1,5.27,732778637529,EC2,1,5.0,0.2699999999999996,0.06551133033096601,1
2025-02-05,eu-north-1,5.1,732778637529,EC2,2,5.27,-0.16999999999999993,0.09956848876351027,1
2025-02-06,eu-north-1,5.35,732778637529,EC2,3,5.27,0.08000000000000007,0.10201595041926026,1
2025-02-07,eu-north-1,5.35,732778637529,EC2,4,5.27,0.08000000000000007,0.08362170040839967,1
2025-02-08,eu-north-1,3.52,732778637529,EC2,5,5.27,-1.7499999999999996,0.031817441173598304,1
2025-02-09,eu-north-1,3.57,732778637529,EC2,6,5.27,-1.6999999999999997,0.03726259594734138,1
2025-02-10,eu-north-1,5.27,732778637529,EC2,0,5.27,0.0,0.06002199026348698,1
2025-02-11,eu-north-1,5.12,732778637529,EC2,1,5.27,-0.14999999999999947,0.08005120798563964,1
2025-02-12,eu-north-1,4.99,732778637529,EC2,2,5.12,-0.1299999999999999,0.0952644582524671,1
2025-02-13,eu-north-1,5.16,732778637529,EC2,3,5.12,0.040000000000000036,0.08761228776638463,1
2025-02-14,eu-north-1,5.66,732778637529,EC2,4,5.12,0.54,0.054894390632956314,1
2025-02-15,eu-north-1,3.96,732778637529,EC2,5,5.12,-1.1600000000000001,0.04792113977971635,1
2025-02-16,eu-north-1,3.53,732778637529,EC2,6,5.12,-1.5900000000000003,0.020904757754328762,1
2025-02-17,eu-north-1,5.51,732778637529,EC2,0,5.12,0.3899999999999997,0.06387212942658071,1
2025-02-18,eu-north-1,5.34,732778637529,EC2,1,5.12,0.21999999999999975,0.09372244446499572,1
2025-02-19,eu-north-1,5.62,732778637529,EC2,2,5.16,0.45999999999999996,0.06788795926166513,1
2025-02-20,eu-north-1,5.77,732778637529,EC2,3,5.34,0.4299999999999997,0.06789088324503822,1
2025-02-21,eu-north-1,5.26,732778637529,EC2,4,5.51,-0.25,0.015588856711646615,1
2025-02-22,eu-north-1,3.65,732778637529,EC2,5,5.34,-1.69,0.05434085692219737,1
2025-02-23,eu-north-1,3.6,732778637529,EC2,6,5.34,-1.7399999999999998,0.038957131705846026,1
2025-02-24,eu-north-1,5.04,732778637529,EC2,0,5.34,-0.2999999999999998,0.03399411495844018,1
2025-02-25,eu-north-1,5.74,732778637529,EC2,1,5.26,0.4800000000000004,0.06822334286751669,1
2025-02-26,eu-north-1,5.23,732778637529,EC2,2,5.26,-0.02999999999999936,0.10308935819414689,1
2025-02-27,eu-north-1,5.06,732778637529,EC2,3,5.23,-0.17000000000000082,0.08019677190955676,1
2025-02-28,eu-north-1,5.61,732778637529,EC2,4,5.06,0.5500000000000007,0.04594620456197668,1
2025-03-01,eu-north-1,4.14,732778637529,EC2,5,5.06,-0.9199999999999999,0.016933547519776215,1
2025-03-02,eu-north-1,3.99,732778637529,EC2,6,5.06,-1.0699999999999994,0.007530179372052304,1
2025-03-03,eu-north-1,5.3,732778637529,EC2,0,5.06,0.2400000000000002,0.06251587835894079,1
2025-03-04,eu-north-1,5.74,732778637529,EC2,1,5.23,0.5099999999999998,0.06377243099264523,1
2025-03-05,eu-north-1,5.37,732778637529,EC2,2,5.23,0.13999999999999968,0.09822601270241571,1
2025-03-06,eu-north-1,5.45,732778637529,EC2,3,5.3,0.15000000000000036,0.09945479754783276,1
2025-03-07,eu-north-1,5.91,732778637529,EC2,4,5.37,0.54,0.014118911690718827,1
2025-03-08,eu-north-1,3.85,732778637529,EC2,5,5.37,-1.52,0.06822516148248342,1
2025-03-09,eu-north-1,3.88,732778637529,EC2,6,5.37,-1.4900000000000002,0.04928015005510572,1
2025-03-10,eu-north-1,5.69,732778637529,EC2,0,5.37,0.3200000000000003,0.05209842121664082,1
2025-03-11,eu-north-1,5.31,732778637529,EC2,1,5.45,-0.14000000000000057,0.046709007023729654,1
2025-03-12,eu-north-1,0.55,732778637529,EC2,2,5.37,-4.82,-0.2119155205557619,-1
2025-03-13,eu-north-1,5.74,732778637529,EC2,3,5.31,0.4300000000000006,0.06907929845452432,1
2025-03-14,eu-north-1,5.32,732778637529,EC2,4,5.31,0.010000000000000675,0.0822671654093251,1
2025-03-15,eu-north-1,3.9,732778637529,EC2,5,5.31,-1.4099999999999997,0.06694984285378325,1
2025-03-16,eu-north-1,4.18,732778637529,EC2,6,5.31,-1.13,0.003928111459449379,1
2025-03-17,eu-north-1,5.99,732778637529,EC2,0,5.31,0.6800000000000006,-0.004308958829897236,1
2025-03-18,eu-north-1,5.88,732778637529,EC2,1,5.31,0.5700000000000003,0.04722389327586651,1
2025-03-19,eu-north-1,5.44,732778637529,EC2,2,5.32,0.1200000000000001,0.0960846740850062,1
2025-03-20,eu-north-1,5.84,732778637529,EC2,3,5.44,0.39999999999999947,0.044862607388804376,1
2025-03-21,eu-north-1,5.59,732778637529,EC2,4,5.44,0.14999999999999947,0.0604252797817203,1
2025-03-22,eu-north-1,3.9,732778637529,EC2,5,5.59,-1.69,-0.030410522281306585,1
2025-03-23,eu-north-1,3.93,732778637529,EC2,6,5.59,-1.6599999999999997,-0.039480004132802615,1
2025-03-24,eu-north-1,5.63,732778637529,EC2,0,5.59,0.040000000000000036,-0.00833328099723385,1
2025-03-25,eu-north-1,5.67,732778637529,EC2,1,5.59,0.08000000000000007,0.004279669487540605,1
2025-03-26,eu-north-1,5.28,732778637529,EC2,2,5.59,-0.3099999999999996,-0.009869713090378318,1
2025-03-27,eu-north-1,5.45,732778637529,EC2,3,5.59,-0.13999999999999968,0.008598597590284696,1
2025-03-28,eu-north-1,5.5,732778637529,EC2,4,5.45,0.04999999999999982,0.06195888089209928,1
2025-03-29,eu-north-1,4.11,732778637529,EC2,5,5.45,-1.3399999999999999,0.015471714464665665,1
2025-03-30,eu-north-1,3.71,732778637529,EC2,6,5.45,-1.7400000000000002,0.009296112717242955,1
2025-03-31,eu-north-1,5.93,732778637529,EC2,0,5.45,0.47999999999999954,-0.011093437148681162,1
2025-01-01,eu-north-1,0.19,732778637529,Lambda,2,0.19,0.0,-0.002536438243446737,1
2025-01-02,eu-north-1,0.19,732778637529,Lambda,3,0.19,0.0,-0.004008438051743779,1
2025-01-03,eu-north-1,0.2,732778637529,Lambda,4,0.19,0.010000000000000009,-0.02491012236716894,1
2025-01-04,eu-north-1,0.15,732778637529,Lambda,5,0.19,-0.04000000000000001,-0.046194168323351326,1
2025-01-05,eu-north-1,0.13,732778637529,Lambda,6,0.19,-0.06,-0.09631204256847736,1
2025-01-06,eu-north-1,0.22,732778637529,Lambda,0,0.19,0.03,-0.1093957639987192,1
2025-01-07,eu-north-1,0.2,732778637529,Lambda,1,0.19,0.010000000000000009,0.016859434353132974,1
2025-01-08,eu-north-1,0.19,732778637529,Lambda,2,0.19,0.0,-0.002536438243446737,1
2025-01-09,eu-north-1,0.19,732778637529,Lambda,3,0.19,0.0,-0.004008438051743779,1
2025-01-10,eu-north-1,0.21,732778637529,Lambda,4,0.19,0.01999999999999999,-0.031005454697204504,1
2025-01-11,eu-north-1,0.15,732778637529,Lambda,5,0.19,-0.04000000000000001,-0.046194168323351326,1
2025-01-12,eu-north-1,0.14,732778637529,Lambda,6,0.19,-0.04999999999999999,-0.07454146545291429,1
2025-01-13,eu-north-1,0.2,732778637529,Lambda,0,0.19,0.010000000000000009,-0.047946908648278,1
2025-01-14,eu-north-1,0.2,732778637529,Lambda,1,0.19,0.010000000000000009,0.016859434353132974,1
2025-01-15,eu-north-1,0.21,732778637529,Lambda,2,0.19,0.01999999999999999,-0.012801481842479867,1
2025-01-16,eu-north-1,0.2,732778637529,Lambda,3,0.2,0.0,0.04245308616030341,1
2025-01-17,eu-north-1,0.22,732778637529,Lambda,4,0.2,0.01999999999999999,0.02159063673724726,1
2025-01-18,eu-north-1,0.15,732778637529,Lambda,5,0.2,-0.05000000000000002,0.009404295465846035,1
2025-01-19,eu-north-1,0.14,732778637529,Lambda,6,0.2,-0.06,-0.02806778943041288,1
2025-01-20,eu-north-1,0.21,732778637529,Lambda,0,0.2,0.009999999999999981,0.0056817206486657335,1
2025-01-21,eu-north-1,0.21,732778637529,Lambda,1,0.2,0.009999999999999981,0.06114401860769514,1
2025-01-22,eu-north-1,0.22,732778637529,Lambda,2,0.21,0.010000000000000009,0.06813440674378218,1
2025-01-23,eu-north-1,0.21,732778637529,Lambda,3,0.21,0.0,0.06558379761424615,1
2025-01-24,eu-north-1,0.21,732778637529,Lambda,4,0.21,0.0,0.04855883218019841,1
2025-01-25,eu-north-1,0.15,732778637529,Lambda,5,0.21,-0.06,0.03298671299162037,1
2025-01-26,eu-north-1,0.15,732778637529,Lambda,6,0.21,-0.06,0.009064573772840645,1
2025-01-27,eu-north-1,0.2,732778637529,Lambda,0,0.21,-0.009999999999999981,-0.028397643238885162,1
2025-01-28,eu-north-1,0.19,732778637529,Lambda,1,0.21,-0.01999999999999999,-0.03011677673806512,1
2025-01-29,eu-north-1,0.21,732778637529,Lambda,2,0.2,0.009999999999999981,0.08148713599132901,1
2025-01-30,eu-north-1,0.21,732778637529,Lambda,3,0.2,0.009999999999999981,0.06601501049884417,1
2025-01-31,eu-north-1,0.2,732778637529,Lambda,4,0.2,0.0,0.023076687056189427,1
2025-02-01,eu-north-1,0.15,732778637529,Lambda,5,0.2,-0.05000000000000002,0.009404295465846035,1
2025-02-02,eu-north-1,0.16,732778637529,Lambda,6,0.2,-0.04000000000000001,-0.049048090955041146,1
2025-02-03,eu-north-1,0.23,732778637529,Lambda,0,0.2,0.03,-0.08377982495692493,1
2025-02-04,eu-north-1,0.2,732778637529,Lambda,1,0.2,0.0,0.03353520851601116,1
2025-02-05,eu-north-1,0.21,732778637529,Lambda,2,0.2,0.009999999999999981,0.08148713599132901,1
2025-02-06,eu-north-1,0.21,732778637529,Lambda,3,0.2,0.009999999999999981,0.06601501049884417,1
2025-02-07,eu-north-1,0.22,732778637529,Lambda,4,0.2,0.01999999999999999,0.02159063673724726,1
2025-02-08,eu-north-1,0.14,732778637529,Lambda,5,0.21,-0.06999999999999998,-0.027909989803020174,1
2025-02-09,eu-north-1,0.14,732778637529,Lambda,6,0.21,-0.06999999999999998,-0.02794587290442263,1
2025-02-10,eu-north-1,0.23,732778637529,Lambda,0,0.21,0.020000000000000018,0.021753835403013122,1
2025-02-11,eu-north-1,0.21,732778637529,Lambda,1,0.21,0.0,0.06424771677024477,1
2025-02-12,eu-north-1,0.23,732778637529,Lambda,2,0.21,0.020000000000000018,0.048102241754408304,1
2025-02-13,eu-north-1,0.23,732778637529,Lambda,3,0.21,0.020000000000000018,0.05195655880050287,1
2025-02-14,eu-north-1,0.23,732778637529,Lambda,4,0.22,0.010000000000000009,0.04003586492644862,1
2025-02-15,eu-north-1,0.16,732778637529,Lambda,5,0.23,-0.07,-0.07402181023344434,1
2025-02-16,eu-north-1,0.15,732778637529,Lambda,6,0.23,-0.08000000000000002,-0.10680824620695639,1
2025-02-17,eu-north-1,0.23,732778637529,Lambda,0,0.23,0.0,-0.06987672682373358,1
2025-02-18,eu-north-1,0.23,732778637529,Lambda,1,0.23,0.0,-0.05724046086353107,1
2025-02-19,eu-north-1,0.2,732778637529,Lambda,2,0.23,-0.03,-0.08656107386162393,1
2025-02-20,eu-north-1,0.22,732778637529,Lambda,3,0.23,-0.010000000000000009,-0.013438162982748914,1
2025-02-21,eu-north-1,0.23,732778637529,Lambda,4,0.22,0.010000000000000009,0.04003586492644862,1
2025-02-22,eu-north-1,0.16,732778637529,Lambda,5,0.22,-0.06,0.025965597167678933,1
2025-02-23,eu-north-1,0.16,732778637529,Lambda,6,0.22,-0.06,0.03418448590485407,1
2025-02-24,eu-north-1,0.23,732778637529,Lambda,0,0.22,0.010000000000000009,0.03462824085920568,1
2025-02-25,eu-north-1,0.2,732778637529,Lambda,1,0.22,-0.01999999999999999,0.010951568870769812,1
2025-02-26,eu-north-1,0.21,732778637529,Lambda,2,0.2,0.009999999999999981,0.08148713599132901,1
2025-02-27,eu-north-1,0.23,732778637529,Lambda,3,0.21,0.020000000000000018,0.05195655880050287,1
2025-02-28,eu-north-1,0.22,732778637529,Lambda,4,0.21,0.010000000000000009,0.055908798017189065,1
2025-03-01,eu-north-1,0.15,732778637529,Lambda,5,0.21,-0.06,0.03298671299162037,1
2025-03-02,eu-north-1,1.24,732778637529,Lambda,6,0.21,1.03,-0.3301349173210524,-1
2025-03-03,eu-north-1,0.24,732778637529,Lambda,0,0.22,0.01999999999999999,-0.06715665762046608,1
2025-03-04,eu-north-1,0.21,732778637529,Lambda,1,0.22,-0.010000000000000009,0.06689740488062973,1
2025-03-05,eu-north-1,0.21,732778637529,Lambda,2,0.22,-0.010000000000000009,0.07028545827304389,1
2025-03-06,eu-north-1,0.22,732778637529,Lambda,3,0.22,0.0,0.06587307090207428,1
2025-03-07,eu-north-1,0.22,732778637529,Lambda,4,0.22,0.0,0.053158926587389854,1
2025-03-08,eu-north-1,0.15,732778637529,Lambda,5,0.22,-0.07,0.0014100952582246085,1
2025-03-09,eu-north-1,0.15,732778637529,Lambda,6,0.22,-0.07,-0.0055282008420850515,1
2025-03-10,eu-north-1,0.23,732778637529,Lambda,0,0.21,0.020000000000000018,0.021753835403013122,1
2025-03-11,eu-north-1,0.22,732778637529,Lambda,1,0.21,0.010000000000000009,0.05445408686746639,1
2025-03-12,eu-north-1,0.23,732778637529,Lambda,2,0.22,0.010000000000000009,0.03169775066985825,1
2025-03-13,eu-north-1,0.23,732778637529,Lambda,3,0.22,0.010000000000000009,0.030720574419249913,1
2025-03-14,eu-north-1,0.21,732778637529,Lambda,4,0.22,-0.010000000000000009,0.04018584851687018,1
2025-03-15,eu-north-1,0.17,732778637529,Lambda,5,0.22,-0.04999999999999999,0.028265326791021006,1
2025-03-16,eu-north-1,0.16,732778637529,Lambda,6,0.22,-0.06,0.03418448590485407,1
2025-03-17,eu-north-1,0.22,732778637529,Lambda,0,0.22,0.0,0.022968690263741154,1
2025-03-18,eu-north-1,0.22,732778637529,Lambda,1,0.22,0.0,0.06010555534766154,1
2025-03-19,eu-north-1,0.21,732778637529,Lambda,2,0.22,-0.010000000000000009,0.07028545827304389,1
2025-03-20,eu-north-1,0.23,732778637529,Lambda,3,0.21,0.020000000000000018,0.05195655880050287,1
2025-03-21,eu-north-1,0.23,732778637529,Lambda,4,0.21,0.020000000000000018,0.02166457528114485,1
2025-03-22,eu-north-1,0.17,732778637529,Lambda,5,0.22,-0.04999999999999999,0.028265326791021006,1
2025-03-23,eu-north-1,0.16,732778637529,Lambda,6,0.22,-0.06,0.03418448590485407,1
2025-03-24,eu-north-1,0.23,732778637529,Lambda,0,0.22,0.010000000000000009,0.03462824085920568,1
2025-03-25,eu-north-1,0.21,732778637529,Lambda,1,0.22,-0.010000000000000009,0.06689740488062973,1
2025-03-26,eu-north-1,0.23,732778637529,Lambda,2,0.21,0.020000000000000018,0.048102241754408304,1
2025-03-27,eu-north-1,0.22,732778637529,Lambda,3,0.23,-0.010000000000000009,-0.013438162982748914,1
2025-03-28,eu-north-1,0.23,732778637529,Lambda,4,0.22,0.010000000000000009,0.04003586492644862,1
2025-03-29,eu-north-1,0.17,732778637529,Lambda,5,0.22,-0.04999999999999999,0.028265326791021006,1
2025-03-30,eu-north-1,0.17,732778637529,Lambda,6,0.22,-0.04999999999999999,-0.014324290604628365,1
2025-03-31,eu-north-1,0.23,732778637529,Lambda,0,0.22,0.010000000000000009,0.03462824085920568,1
2025-01-01,eu-north-1,2.77,732778637529,RDS,2,2.77,0.0,-0.0393757919711355,1
2025-01-02,eu-north-1,2.81,732778637529,RDS,3,2.77,0.040000000000000036,-0.03133449736163629,1
2025-01-03,eu-north-1,2.87,732778637529,RDS,4,2.79,0.08000000000000007,-0.028327480291146623,1
2025-01-04,eu-north-1,1.94,732778637529,RDS,5,2.81,-0.8700000000000001,-0.08199961364966701,1
2025-01-05,eu-north-1,2.06,732778637529,RDS,6,2.79,-0.73,-0.08595725638314133,1
2025-01-06,eu-north-1,3.14,732778637529,RDS,0,2.77,0.3700000000000001,-0.07789262920674711,1
2025-01-07,eu-north-1,3.09,732778637529,RDS,1,2.79,0.2999999999999998,-0.016226588353103533,1
2025-01-08,eu-north-1,2.93,732778637529,RDS,2,2.81,0.1200000000000001,0.0031332749656654557,1
2025-01-09,eu-north-1,2.97,732778637529,RDS,3,2.87,0.10000000000000009,0.02682511222453854,1
2025-01-10,eu-north-1,3.1,732778637529,RDS,4,2.93,0.16999999999999993,0.036286997897993,1
2025-01-11,eu-north-1,2.18,732778637529,RDS,5,2.97,-0.79,0.016855643183613933,1
2025-01-12,eu-north-1,1.98,732778637529,RDS,6,2.97,-0.9900000000000002,-0.06375223670960128,1
2025-01-13,eu-north-1,2.97,732778637529,RDS,0,2.97,0.0,-0.009512757054816356,1
2025-01-14,eu-north-1,2.94,732778637529,RDS,1,2.97,-0.03000000000000025,0.035104427619447154,1
2025-01-15,eu-north-1,2.93,732778637529,RDS,2,2.94,-0.009999999999999787,0.042267085908112456,1
2025-01-16,eu-north-1,3.14,732778637529,RDS,3,2.94,0.20000000000000018,0.04034967932520139,1
2025-01-17,eu-north-1,3.1,732778637529,RDS,4,2.94,0.16000000000000014,0.04454865571484351,1
2025-01-18,eu-north-1,2.17,732778637529,RDS,5,2.94,-0.77,0.010510280778323111,1
2025-01-19,eu-north-1,2.32,732778637529,RDS,6,2.94,-0.6200000000000001,-0.004811274969931834,1
2025-01-20,eu-north-1,3.28,732778637529,RDS,0,2.94,0.33999999999999986,0.004462534007188268,1
2025-01-21,eu-north-1,3.12,732778637529,RDS,1,2.94,0.18000000000000016,0.0497130520638524,1
2025-01-22,eu-north-1,3.32,732778637529,RDS,2,3.1,0.21999999999999975,0.0807405076436768,1
2025-01-23,eu-north-1,3.33,732778637529,RDS,3,3.12,0.20999999999999996,0.08282952441982444,1
2025-01-24,eu-north-1,2.93,732778637529,RDS,4,3.12,-0.18999999999999995,0.027882021567988857,1
2025-01-25,eu-north-1,2.08,732778637529,RDS,5,3.12,-1.04,-0.0019534305302593147,1
2025-01-26,eu-north-1,2.24,732778637529,RDS,6,3.12,-0.8799999999999999,0.019972285969551973,1
2025-01-27,eu-north-1,3.18,732778637529,RDS,0,3.12,0.06000000000000005,0.027239744584028003,1
2025-01-28,eu-north-1,3.34,732778637529,RDS,1,3.12,0.21999999999999975,0.07508893123815269,1
2025-01-29,eu-north-1,2.96,732778637529,RDS,2,3.18,-0.2200000000000002,0.020447905939558808,1
2025-01-30,eu-north-1,2.99,732778637529,RDS,3,2.96,0.03000000000000025,0.04728152542355918,1
2025-01-31,eu-north-1,11.34,732778637529,RDS,4,2.96,8.379999999999999,-0.3071711042078553,-1
2025-02-01,eu-north-1,2.12,732778637529,RDS,5,2.99,-0.8700000000000001,0.007331707864679349,1
2025-02-02,eu-north-1,2.36,732778637529,RDS,6,2.99,-0.6300000000000003,0.003104353892661005,1
2025-02-03,eu-north-1,3.34,732778637529,RDS,0,2.99,0.34999999999999964,0.01491917208095317,1
2025-02-04,eu-north-1,3.03,732778637529,RDS,1,2.99,0.03999999999999959,0.05275363081391671,1
2025-02-05,eu-north-1,3.32,732778637529,RDS,2,2.99,0.3299999999999996,0.034860327998853025,1
2025-02-06,eu-north-1,3.29,732778637529,RDS,3,3.03,0.26000000000000023,0.04912961643094704,1
2025-02-07,eu-north-1,3.31,732778637529,RDS,4,3.29,0.020000000000000018,0.024371591011299154,1
2025-02-08,eu-north-1,2.4,732778637529,RDS,5,3.29,-0.8900000000000001,0.0032502020534529996,1
2025-02-09,eu-north-1,2.1,732778637529,RDS,6,3.29,-1.19,-0.08211331773685682,1
2025-02-10,eu-north-1,3.25,732778637529,RDS,0,3.29,-0.040000000000000036,0.018985714661381825,1
2025-02-11,eu-north-1,3.15,732778637529,RDS,1,3.25,-0.10000000000000009,0.06494855516330728,1
2025-02-12,eu-north-1,3.19,732778637529,RDS,2,3.25,-0.06000000000000005,0.06530095689987775,1
2025-02-13,eu-north-1,3.44,732778637529,RDS,3,3.19,0.25,0.05248019021623723,1
2025-02-14,eu-north-1,3.33,732778637529,RDS,4,3.19,0.14000000000000012,0.06264346604138354,1
2025-02-15,eu-north-1,2.19,732778637529,RDS,5,3.19,-1.0,0.038592137415653927,1
2025-02-16,eu-north-1,2.28,732778637529,RDS,6,3.19,-0.9100000000000001,0.03918556984039434,1
2025-02-17,eu-north-1,3.12,732778637529,RDS,0,3.19,-0.06999999999999984,0.020959343165481814,1
2025-02-18,eu-north-1,3.13,732778637529,RDS,1,3.15,-0.020000000000000018,0.06418322252270586,1
2025-02-19,eu-north-1,3.27,732778637529,RDS,2,3.13,0.14000000000000012,0.08441391579839647,1
2025-02-20,eu-north-1,3.28,732778637529,RDS,3,3.13,0.1499999999999999,0.08308323542869778,1
2025-02-21,eu-north-1,3.47,732778637529,RDS,4,3.13,0.3400000000000003,0.02927880116321685,1
2025-02-22,eu-north-1,2.14,732778637529,RDS,5,3.13,-0.9899999999999998,0.028288621318414142,1
2025-02-23,eu-north-1,2.44,732778637529,RDS,6,3.13,-0.69,0.008391430488793539,1
2025-02-24,eu-north-1,3.4,732778637529,RDS,0,3.13,0.27,0.03246689889236054,1
2025-02-25,eu-north-1,3.16,732778637529,RDS,1,3.27,-0.10999999999999988,0.06360388808778461,1
2025-02-26,eu-north-1,3.45,732778637529,RDS,2,3.27,0.18000000000000016,0.030677548196489213,1
2025-02-27,eu-north-1,3.13,732778637529,RDS,3,3.28,-0.1499999999999999,0.04697038134908804,1
2025-02-28,eu-north-1,3.24,732778637529,RDS,4,3.16,0.08000000000000007,0.06243074813813365,1
2025-03-01,eu-north-1,2.19,732778637529,RDS,5,3.16,-0.9700000000000002,0.04018774571682743,1
2025-03-02,eu-north-1,2.24,732778637529,RDS,6,3.16,-0.9199999999999999,0.03325534861981044,1
2025-03-03,eu-north-1,3.42,732778637529,RDS,0,3.16,0.2599999999999998,0.018733685031537994,1
2025-03-04,eu-north-1,3.4,732778637529,RDS,1,3.16,0.23999999999999977,0.06582518126330711,1
2025-03-05,eu-north-1,3.5,732778637529,RDS,2,3.24,0.2599999999999998,0.036790413737480654,1
2025-03-06,eu-north-1,3.21,732778637529,RDS,3,3.24,-0.03000000000000025,0.06707176666953274,1
2025-03-07,eu-north-1,3.39,732778637529,RDS,4,3.24,0.1499999999999999,0.04399835100175509,1
2025-03-08,eu-north-1,2.36,732778637529,RDS,5,3.39,-1.0300000000000002,-0.05119155845893719,1
2025-03-09,eu-north-1,2.49,732778637529,RDS,6,3.39,-0.8999999999999999,-0.053178270284646945,1
2025-03-10,eu-north-1,3.26,732778637529,RDS,0,3.39,-0.13000000000000034,-0.04473965561375404,1
2025-03-11,eu-north-1,3.09,732778637529,RDS,1,3.26,-0.16999999999999993,0.03517161132887914,1
2025-03-12,eu-north-1,3.42,732778637529,RDS,2,3.21,0.20999999999999996,0.06514426725516542,1
2025-03-13,eu-north-1,3.09,732778637529,RDS,3,3.21,-0.1200000000000001,0.052918175532264244,1
2025-03-14,eu-north-1,3.61,732778637529,RDS,4,3.09,0.52,-0.02488496224365444,1
2025-03-15,eu-north-1,2.47,732778637529,RDS,5,3.09,-0.6199999999999997,-0.008219294090034746,1
2025-03-16,eu-north-1,2.4,732778637529,RDS,6,3.09,-0.69,0.009221671038877388,1
2025-03-17,eu-north-1,3.51,732778637529,RDS,0,3.09,0.41999999999999993,-0.0291874205582483,1
2025-03-18,eu-north-1,3.4,732778637529,RDS,1,3.09,0.31000000000000005,0.052950030665654624,1
2025-03-19,eu-north-1,3.29,732778637529,RDS,2,3.4,-0.10999999999999988,-0.03782785254937493,1
2025-03-20,eu-north-1,3.16,732778637529,RDS,3,3.29,-0.1299999999999999,0.05187192559202464,1
2025-03-21,eu-north-1,3.62,732778637529,RDS,4,3.29,0.33000000000000007,-0.03776257874118272,1
2025-03-22,eu-north-1,2.19,732778637529,RDS,5,3.29,-1.1,-0.020672614688763802,1
2025-03-23,eu-north-1,2.48,732778637529,RDS,6,3.29,-0.81,-0.011359140298025427,1
2025-03-24,eu-north-1,3.16,732778637529,RDS,0,3.29,-0.1299999999999999,0.02554453543486984,1
2025-03-25,eu-north-1,3.22,732778637529,RDS,1,3.16,0.06000000000000005,0.07310569704493458,1
2025-03-26,eu-north-1,3.5,732778637529,RDS,2,3.16,0.33999999999999986,0.0336391933818358,1
2025-03-27,eu-north-1,3.33,732778637529,RDS,3,3.16,0.16999999999999993,0.08231972016889799,1
2025-03-28,eu-north-1,3.21,732778637529,RDS,4,3.22,-0.010000000000000231,0.05016653242727365,1
2025-03-29,eu-north-1,2.52,732778637529,RDS,5,3.21,-0.69,-0.00856382358010166,1
2025-03-30,eu-north-1,2.28,732778637529,RDS,6,3.21,-0.9300000000000002,0.02995630508545316,1
2025-03-31,eu-north-1,3.6,732778637529,RDS,0,3.21,0.3900000000000001,-0.05518907503112114,1
2025-01-01,eu-north-1,0.48,732778637529,S3,2,0.48,0.0,-0.028282362217006196,1
2025-01-02,eu-north-1,0.49,732778637529,S3,3,0.48,0.010000000000000009,-0.006915769677063199,1
2025-01-03,eu-north-1,0.51,732778637529,S3,4,0.485,0.025000000000000022,-0.01974127550431415,1
2025-01-04,eu-north-1,0.37,732778637529,S3,5,0.49,-0.12,-0.017354172348970076,1
2025-01-05,eu-north-1,0.33,732778637529,S3,6,0.485,-0.15499999999999997,-0.10639650083012664,-1
2025-01-06,eu-north-1,0.51,732778637529,S3,0,0.48,0.030000000000000027,-0.04299204193275363,1
2025-01-07,eu-north-1,0.53,732778637529,S3,1,0.485,0.04500000000000004,0.0020872040933293534,1
2025-01-08,eu-north-1,0.47,732778637529,S3,2,0.49,-0.020000000000000018,-0.01953560975083546,1
2025-01-09,eu-north-1,0.5,732778637529,S3,3,0.49,0.010000000000000009,0.017691334734241948,1
2025-01-10,eu-north-1,0.48,732778637529,S3,4,0.5,-0.020000000000000018,0.018129445767581243,1
2025-01-11,eu-north-1,0.36,732778637529,S3,5,0.48,-0.12,-0.05222431799467697,1
2025-01-12,eu-north-1,0.35,732778637529,S3,6,0.48,-0.13,-0.060292925727864266,1
2025-01-13,eu-north-1,0.52,732778637529,S3,0,0.48,0.040000000000000036,-0.022466804647853778,1
2025-01-14,eu-north-1,0.52,732778637529,S3,1,0.48,0.040000000000000036,0.0031329842184904533,1
2025-01-15,eu-north-1,0.55,732778637529,S3,2,0.48,0.07000000000000006,-0.028480829126007134,1
2025-01-16,eu-north-1,0.54,732778637529,S3,3,0.5,0.040000000000000036,0.05436517021827769,1
2025-01-17,eu-north-1,0.55,732778637529,S3,4,0.52,0.030000000000000027,0.039566857864508975,1
2025-01-18,eu-north-1,0.35,732778637529,S3,5,0.52,-0.17000000000000004,-0.05802382393797356,1
2025-01-19,eu-north-1,0.38,732778637529,S3,6,0.52,-0.14,0.012952446029718623,1
2025-01-20,eu-north-1,0.5,732778637529,S3,0,0.52,-0.020000000000000018,0.01034304675223574,1
2025-01-21,eu-north-1,0.54,732778637529,S3,1,0.52,0.020000000000000018,0.0628846555913698,1
2025-01-22,eu-north-1,0.55,732778637529,S3,2,0.54,0.010000000000000009,0.09465625654743015,1
2025-01-23,eu-north-1,0.48,732778637529,S3,3,0.54,-0.06000000000000005,0.003014036975030776,1
2025-01-24,eu-north-1,0.52,732778637529,S3,4,0.5,0.020000000000000018,0.032714673018160834,1
2025-01-25,eu-north-1,0.37,732778637529,S3,5,0.5,-0.13,0.015818301532703305,1
2025-01-26,eu-north-1,0.36,732778637529,S3,6,0.5,-0.14,0.0028230698359372197,1
2025-01-27,eu-north-1,0.5,732778637529,S3,0,0.5,0.0,9.723197949818019e-05,1
2025-01-28,eu-north-1,0.55,732778637529,S3,1,0.5,0.050000000000000044,0.06217791200273787,1
2025-01-29,eu-north-1,0.56,732778637529,S3,2,0.5,0.06000000000000005,0.04536724613018184,1
2025-01-30,eu-north-1,0.49,732778637529,S3,3,0.5,-0.010000000000000009,0.043097753190543486,1
2025-01-31,eu-north-1,0.57,732778637529,S3,4,0.5,0.06999999999999995,-0.005727004498254917,1
2025-02-01,eu-north-1,0.35,732778637529,S3,5,0.5,-0.15000000000000002,0.0016882137538864472,1
2025-02-02,eu-north-1,0.37,732778637529,S3,6,0.5,-0.13,0.011740180449647697,1
2025-02-03,eu-north-1,0.57,732778637529,S3,0,0.5,0.06999999999999995,-0.009275035440868717,1
2025-02-04,eu-north-1,0.52,732778637529,S3,1,0.55,-0.030000000000000027,0.022370388696212662,1
2025-02-05,eu-north-1,0.53,732778637529,S3,2,0.52,0.010000000000000009,0.06937350730812669,1
2025-02-06,eu-north-1,0.5,732778637529,S3,3,0.52,-0.020000000000000018,0.04679001508714853,1
2025-02-07,eu-north-1,0.49,732778637529,S3,4,0.52,-0.030000000000000027,0.014048881830646232,1
2025-02-08,eu-north-1,0.35,732778637529,S3,5,0.5,-0.15000000000000002,0.0016882137538864472,1
2025-02-09,eu-north-1,0.4,732778637529,S3,6,0.5,-0.09999999999999998,-0.03182380208527169,1
2025-02-10,eu-north-1,0.54,732778637529,S3,0,0.5,0.040000000000000036,0.030743749432414813,1
2025-02-11,eu-north-1,0.55,732778637529,S3,1,0.5,0.050000000000000044,0.06217791200273787,1
2025-02-12,eu-north-1,3.47,732778637529,S3,2,0.5,2.97,-0.3202974615917603,-1
2025-02-13,eu-north-1,0.57,732778637529,S3,3,0.5,0.06999999999999995,0.024241206243923397,1
2025-02-14,eu-north-1,0.55,732778637529,S3,4,0.54,0.010000000000000009,0.06067296198634514,1
2025-02-15,eu-north-1,0.39,732778637529,S3,5,0.55,-0.16000000000000003,-0.022328976571036496,1
2025-02-16,eu-north-1,0.36,732778637529,S3,6,0.55,-0.19000000000000006,-0.09395916539120142,1
2025-02-17,eu-north-1,0.54,732778637529,S3,0,0.55,-0.010000000000000009,0.011066134395790517,1
2025-02-18,eu-north-1,0.5,732778637529,S3,1,0.55,-0.050000000000000044,-0.01863566873681133,1
2025-02-19,eu-north-1,0.54,732778637529,S3,2,0.54,0.0,0.09943475340898933,1
2025-02-20,eu-north-1,0.57,732778637529,S3,3,0.54,0.029999999999999916,0.06073388655876094,1
2025-02-21,eu-north-1,0.57,732778637529,S3,4,0.54,0.029999999999999916,0.04306063487667544,1
2025-02-22,eu-north-1,0.4,732778637529,S3,5,0.54,-0.14,0.04302569476461504,1
2025-02-23,eu-north-1,0.4,732778637529,S3,6,0.54,-0.14,0.03425631456399714,1
2025-02-24,eu-north-1,0.53,732778637529,S3,0,0.54,-0.010000000000000009,0.04558723872301629,1
2025-02-25,eu-north-1,0.57,732778637529,S3,1,0.53,0.039999999999999925,0.05987785441601212,1
2025-02-26,eu-north-1,0.54,732778637529,S3,2,0.54,0.0,0.09943475340898933,1
2025-02-27,eu-north-1,0.53,732778637529,S3,3,0.54,-0.010000000000000009,0.0797991769703103,1
2025-02-28,eu-north-1,0.59,732778637529,S3,4,0.53,0.05999999999999994,-0.016714560093751607,1
2025-03-01,eu-north-1,0.41,732778637529,S3,5,0.53,-0.12000000000000005,0.011408930655113336,1
2025-03-02,eu-north-1,0.39,732778637529,S3,6,0.53,-0.14,0.012008922486640483,1
2025-03-03,eu-north-1,0.51,732778637529,S3,0,0.53,-0.020000000000000018,0.011568241042211325,1
2025-03-04,eu-north-1,0.54,732778637529,S3,1,0.53,0.010000000000000009,0.07099894603278933,1
2025-03-05,eu-north-1,0.57,732778637529,S3,2,0.53,0.039999999999999925,0.07007610838947087,1
2025-03-06,eu-north-1,0.52,732778637529,S3,3,0.53,-0.010000000000000009,0.061675667657836775,1
2025-03-07,eu-north-1,0.54,732778637529,S3,4,0.52,0.020000000000000018,0.04952400032380394,1
2025-03-08,eu-north-1,0.4,732778637529,S3,5,0.52,-0.12,0.01560083682979202,1
2025-03-09,eu-north-1,0.41,732778637529,S3,6,0.52,-0.11000000000000004,-0.013185900925818395,1
2025-03-10,eu-north-1,0.59,732778637529,S3,0,0.52,0.06999999999999995,-0.06031407401757649,1
2025-03-11,eu-north-1,0.54,732778637529,S3,1,0.54,0.0,0.08347599736981975,1
2025-03-12,eu-north-1,0.53,732778637529,S3,2,0.54,-0.010000000000000009,0.08965769774330612,1
2025-03-13,eu-north-1,0.58,732778637529,S3,3,0.53,0.04999999999999993,0.0387275151920613,1
2025-03-14,eu-north-1,0.56,732778637529,S3,4,0.54,0.020000000000000018,0.053684452511455205,1
2025-03-15,eu-north-1,0.4,732778637529,S3,5,0.54,-0.14,0.04302569476461504,1
2025-03-16,eu-north-1,0.41,732778637529,S3,6,0.54,-0.13000000000000006,0.018241791701973598,1
2025-03-17,eu-north-1,0.56,732778637529,S3,0,0.54,0.020000000000000018,0.024985792709965204,1
2025-03-18,eu-north-1,0.58,732778637529,S3,1,0.54,0.039999999999999925,0.03181557330062823,1
2025-03-19,eu-north-1,0.57,732778637529,S3,2,0.56,0.009999999999999898,0.020316099749855987,1
2025-03-20,eu-north-1,0.56,732778637529,S3,3,0.56,0.0,0.009311203229113052,1
2025-03-21,eu-north-1,0.57,732778637529,S3,4,0.56,0.009999999999999898,-0.005884233940271488,1
2025-03-22,eu-north-1,0.39,732778637529,S3,5,0.56,-0.17000000000000004,-0.056716260976845234,1
2025-03-23,eu-north-1,0.4,732778637529,S3,6,0.56,-0.16000000000000003,-0.06793206453476974,1
2025-03-24,eu-north-1,0.55,732778637529,S3,0,0.56,-0.010000000000000009,-0.01605552446323122,1
2025-03-25,eu-north-1,0.58,732778637529,S3,1,0.56,0.019999999999999907,-0.02015527606664924,1
2025-03-26,eu-north-1,0.54,732778637529,S3,2,0.56,-0.020000000000000018,0.01230234318488127,1
2025-03-27,eu-north-1,0.6,732778637529,S3,3,0.55,0.04999999999999993,-0.04200354147119001,1
2025-03-28,eu-north-1,0.53,732778637529,S3,4,0.55,-0.020000000000000018,0.016077645062172297,1
2025-03-29,eu-north-1,0.41,732778637529,S3,5,0.54,-0.13000000000000006,0.028411200169827344,1
2025-03-30,eu-north-1,0.38,732778637529,S3,6,0.54,-0.16000000000000003,-0.009312510915026828,1
2025-03-31,eu-north-1,0.54,732778637529,S3,0,0.54,0.0,0.04702171062565508,1
